Trades	Header	DataDiscriminator	Asset Category	Currency	Symbol	Date/Time	Exchange	Quantity	T. Price	C. Price	Notional Value	Comm/Fee	Basis	Realized P/L	Realized P/L %	MTM P/L	Code
Trades	Data	Trade	Futures	EUR	FCEM8	"2018-04-30, 09:51:38"	MONEP	2	5393.5	5412.5	-107870	-2.36	107872.36	0	0	380	O
Trades	Data	Trade	Futures	EUR	FCEM8	"2018-05-11, 09:50:37"	MONEP	-2	5462.5	5477.5	109250	-2.36	-107872.36	1375.28	1.27	-300	C
Trades	Data	Trade	Futures	EUR	FCEU8	"2018-05-11, 09:51:07"	MONEP	2	5452	5466	-109040	-2.36	109042.36	0	0	280	O
Trades	Data	Trade	Futures	EUR	FCEU8	"2018-05-14, 09:51:25"	MONEP	3	5457	5466.5	-163710	-3.54	163713.54	0	0	285	O
Trades	Data	Trade	Futures	EUR	FCEU8	"2018-05-15, 09:50:25"	MONEP	-2	5471.5	5479.5	109430	-2.36	-109042.36	385.28	0.35	-160	C
Trades	Data	Trade	Futures	EUR	FCEU8	"2018-05-16, 09:50:26"	MONEP	3	5494	5494.5	-164820	-3.54	164823.54	0	0	15	O
Trades	Data	Trade	Futures	EUR	FCEU8	"2018-05-17, 09:50:28"	MONEP	-3	5521	5548.5	165630	-3.54	-163713.54	1912.92	1.17	-825	C
Trades	Data	Trade	Futures	EUR	FCEU8	"2018-05-18, 09:50:38"	MONEP	3	5554.5	5540.5	-166635	-3.54	166638.54	0	0	-420	O
Trades	Data	Trade	Futures	EUR	FCEU8	"2018-05-21, 09:51:25"	MONEP	1	5570.5	5565	-55705	-1.18	55706.18	0	0	-55	O
Trades	Data	Trade	Futures	EUR	FCEU8	"2018-05-22, 09:50:30"	MONEP	-1	5579.5	5576.5	55795	-1.18	-54941.18	852.64	1.55	30	C
Trades	Data	Trade	Futures	EUR	FCEU8	"2018-05-23, 09:50:35"	MONEP	-6	5497	5502.5	329820	-7.08	-332227.08	-2414.16	-0.73	-330	C
Trades	Data	Trade	Futures	EUR	FCEU8	"2018-05-24, 09:50:25"	MONEP	1	5489.5	5486	-54895	-1.18	54896.18	0	0	-35	O;P
Trades	Data	Trade	Futures	EUR	FCEU8	"2018-05-24, 09:50:27"	MONEP	1	5490	5486	-54900	-1.18	54901.18	0	0	-40	O;P
Trades	Data	Trade	Futures	EUR	FCEU8	"2018-05-24, 09:50:27"	MONEP	1	5490	5486	-54900	-1.18	54901.18	0	0	-40	O;P
Trades	Data	Trade	Futures	EUR	FCEU8	"2018-05-24, 09:50:28"	MONEP	1	5490	5486	-54900	-1.18	54901.18	0	0	-40	O;P
Trades	Data	Trade	Futures	EUR	FCEU8	"2018-05-24, 09:50:28"	MONEP	1	5490	5486	-54900	-1.18	54901.18	0	0	-40	O;P
Trades	Data	Trade	Futures	EUR	FCEU8	"2018-05-24, 09:50:29"	MONEP	1	5490	5486	-54900	-1.18	54901.18	0	0	-40	O;P
Trades	Data	Trade	Futures	EUR	FCEU8	"2018-05-24, 09:50:29"	MONEP	1	5490	5486	-54900	-1.18	54901.18	0	0	-40	O;P
Trades	Data	Trade	Futures	EUR	FCEU8	"2018-05-24, 09:50:30"	MONEP	1	5490	5486	-54900	-1.18	54901.18	0	0	-40	O;P
Trades	Data	Trade	Futures	EUR	FCEU8	"2018-05-25, 09:50:29"	MONEP	-6	5465	5480.5	327900	-7.08	-329402.08	-1509.16	-0.46	-930	C;P
Trades	Data	Trade	Futures	EUR	FCEU8	"2018-05-25, 09:50:31"	MONEP	-2	5465	5480.5	109300	-2.36	-109802.36	-504.72	-0.46	-310	C;P
Trades	Data	Trade	Futures	EUR	FCEU8	"2018-05-25, 09:50:31"	MONEP	-1	5465	5480.5	54650	-1.18	-54648.82	0	0	-155	O;P
Trades	Data	Trade	Futures	EUR	FCEU8	"2018-05-28, 09:51:16"	MONEP	1	5456	5453	-54560	-1.18	54648.82	87.64	0.16	-30	C;P
Trades	Data	Trade	Futures	EUR	FCEU8	"2018-05-28, 09:51:16"	MONEP	3	5456	5453	-163680	-3.54	163683.54	0	0	-90	O;P
Trades	Data	Trade	Futures	EUR	FCEU8	"2018-05-29, 09:50:26"	MONEP	-2	5396	5384.5	107920	-2.36	-109122.36	-1204.72	-1.1	230	C
Trades	Data	Trade	Futures	EUR	FCEU8	"2018-05-30, 09:50:48"	MONEP	1	5377.5	5395.5	-53775	-1.18	53776.18	0	0	180	O
Trades	Data	Trade	Futures	EUR	FCEU8	"2018-05-31, 09:50:31"	MONEP	-2	5386	5366	107720	-2.36	-108337.36	-619.72	-0.57	400	C;P
Trades	Data	Trade	Futures	EUR	FCEU8	"2018-05-31, 09:50:31"	MONEP	-1	5385.5	5366	53855	-1.18	-53853.82	0	0	195	O;P
Trades	Data	Trade	Futures	EUR	FCEU8	"2018-06-01, 09:50:35"	MONEP	1	5447	5435	-54470	-1.18	53853.82	-617.36	-1.15	-120	C;P
Trades	Data	Trade	Futures	EUR	FCEU8	"2018-06-01, 09:50:35"	MONEP	4	5447	5435	-217880	-4.72	217884.72	0	0	-480	O;P
Trades	Data	Trade	Futures	EUR	FCEU8	"2018-06-04, 09:51:16"	MONEP	-1	5453.5	5445	54535	-1.18	-54471.18	62.64	0.11	85	C
Trades	Data	Trade	Futures	EUR	FCEU8	"2018-06-05, 09:50:29"	MONEP	1	5472	5436.5	-54720	-1.18	54721.18	0	0	-355	O
Trades	Data	Trade	Futures	EUR	FCEU8	"2018-06-06, 09:50:30"	MONEP	-1	5405	5435	54050	-1.18	-54471.18	-422.36	-0.78	-300	C
Trades	Data	Trade	Futures	EUR	FCEU8	"2018-06-07, 09:50:31"	MONEP	1	5434	5425.5	-54340	-1.18	54341.18	0	0	-85	O
Trades	Data	Trade	Futures	EUR	FCEU8	"2018-06-08, 09:50:36"	MONEP	-1	5421.5	5428.5	54215	-1.18	-54471.18	-257.36	-0.47	-70	C
Trades	Data	Trade	Futures	EUR	FCEU8	"2018-06-11, 09:51:21"	MONEP	1	5451.5	5462	-54515	-1.18	54516.18	0	0	105	O
Trades	Data	Trade	Futures	EUR	FCEU8	"2018-06-12, 09:50:39"	MONEP	-2	5451	5441	109020	-2.36	-109192.36	-174.72	-0.16	200	C
Trades	Data	Trade	Futures	EUR	FCEU8	"2018-06-13, 09:50:28"	MONEP	2	5448.5	5441	-108970	-2.36	108972.36	0	0	-150	O
Trades	Data	Trade	Futures	EUR	FCEU8	"2018-06-14, 09:50:28"	MONEP	-2	5502.5	5517.5	110050	-2.36	-108857.36	1190.28	1.09	-300	C
Trades	Data	Trade	Futures	EUR	FCEU8	"2018-06-15, 09:50:36"	MONEP	2	5514.5	5490	-110290	-2.36	110292.36	0	0	-490	O
Trades	Data	Trade	Futures	EUR	FCEU8	"2018-06-18, 09:51:33"	MONEP	-4	5425	5437.5	217000	-4.72	-219264.72	-2269.44	-1.04	-500	C
Trades	Data	Trade	Futures	EUR	FCEZ8	"2018-06-18, 10:14:24"	MONEP	1	5392.5	5407.5	-53925	-1.18	53926.18	0	0	150	O
Trades	Data	Trade	Futures	EUR	FCEZ8	"2018-06-19, 10:59:14"	MONEP	-1	5340.5	5351	53405	-1.18	-53926.18	-522.36	-0.97	-105	C
Trades	Data	Trade	Futures	EUR	FCEZ8	"2018-06-20, 09:50:29"	MONEP	3	5420.5	5332.5	-162615	-3.54	162618.54	0	0	-2640	O
Trades	Data	Trade	Futures	EUR	FCEZ8	"2018-06-21, 11:20:08"	MONEP	-2	5240.5	5280.5	104810	-2.36	-108412.36	-3604.72	-3.33	-800	C
Trades	Data	Trade	Futures	EUR	FCEZ8	"2018-06-25, 09:51:27"	MONEP	1	5296.5	5248	-52965	-1.18	52966.18	0	0	-485	O
Trades	Data	Trade	Futures	EUR	FCEZ8	"2018-06-25, 09:51:27"	MONEP	-1	5268	5248	52680	-1.18	-54206.18	-1527.36	-2.82	200	C
Trades	Data	Trade	Futures	EUR	FCEZ8	"2018-06-26, 09:57:51"	MONEP	-1	5253.5	5245.5	52535	-1.18	-52966.18	-432.36	-0.82	80	C
Trades	Data	Trade	Futures	EUR	FCEZ8	"2018-06-27, 11:33:00"	MONEP	1	5296.5	5292	-52965	-1.18	52966.18	0	0	-45	O;P
Trades	Data	Trade	Futures	EUR	FCEZ8	"2018-06-27, 11:34:12"	MONEP	1	5296.5	5292	-52965	-1.18	52966.18	0	0	-45	O;P
Trades	Data	Trade	Futures	EUR	FCEZ8	"2018-06-27, 11:34:16"	MONEP	1	5296.5	5292	-52965	-1.18	52966.18	0	0	-45	O
Trades	Data	Trade	Futures	EUR	FCEZ8	"2018-06-29, 02:32:36"	MONEP	-1	5285	5288	52850	-1.18	-52966.18	-117.36	-0.22	-30	C;P
Trades	Data	Trade	Futures	EUR	FCEZ8	"2018-06-29, 02:32:58"	MONEP	-1	5285	5288	52850	-1.18	-52966.18	-117.36	-0.22	-30	C;P
Trades	Data	Trade	Futures	EUR	FCEZ8	"2018-06-29, 02:33:02"	MONEP	-1	5285	5288	52850	-1.18	-52966.18	-117.36	-0.22	-30	C;P
Trades	Data	Trade	Futures	EUR	FCEZ8	"2018-07-02, 09:51:25"	MONEP	1	5252	5240.5	-52520	-1.2	52521.2	0	0	-115	O
Trades	Data	Trade	Futures	EUR	FCEZ8	"2018-07-04, 09:50:24"	MONEP	-1	5271	5286	52710	-1.2	-52521.2	187.6	0.36	-150	C
Trades	Data	Trade	Futures	EUR	FCEZ8	"2018-07-05, 09:50:25"	MONEP	2	5386.5	5331.5	-107730	-2.4	107732.4	0	0	-1100	O
Trades	Data	Trade	Futures	EUR	FCEZ8	"2018-07-06, 11:34:00"	MONEP	-1	5337.5	5340.5	53375	-1.2	-53866.2	-492.4	-0.91	-30	C
Trades	Data	Trade	Futures	EUR	FCEZ8	"2018-08-03, 09:50:56"	MONEP	1	5499.5	5446.5	-54995	-1.2	54996.2	0	0	-530	O
Trades	Data	Trade	Futures	EUR	FCEZ8	"2018-08-22, 12:00:31"	MONEP	-1	5388.5	5388	53885	-1.2	-53866.2	17.6	0.03	5	C
Trades	Data	Trade	Futures	EUR	FGBL DEC 18	"2018-06-08, 09:50:36"	DTB	1	158.08	157.96	-158080	-1.11	158081.11	0	0	-120	O;P
Trades	Data	Trade	Futures	EUR	FGBL DEC 18	"2018-06-08, 09:50:43"	DTB	1	158.09	157.96	-158090	-1.11	158091.11	0	0	-130	O;P
Trades	Data	Trade	Futures	EUR	FGBL DEC 18	"2018-06-08, 09:50:45"	DTB	1	158.1	157.96	-158100	-1.11	158101.11	0	0	-140	O;P
Trades	Data	Trade	Futures	EUR	FGBL DEC 18	"2018-06-08, 09:50:45"	DTB	1	158.1	157.96	-158100	-1.11	158101.11	0	0	-140	O;P
Trades	Data	Trade	Futures	EUR	FGBL DEC 18	"2018-06-08, 09:50:45"	DTB	1	158.1	157.96	-158100	-1.11	158101.11	0	0	-140	O;P
Trades	Data	Trade	Futures	EUR	FGBL DEC 18	"2018-06-14, 09:50:29"	DTB	-1	157.89	158.23	157890	-1.11	-158081.11	-192.22	-0.12	-340	C
Trades	Data	Trade	Futures	EUR	FGBL DEC 18	"2018-06-15, 09:50:36"	DTB	2	158.7	158.66	-317400	-2.22	317402.22	0	0	-80	O
Trades	Data	Trade	Futures	EUR	FGBL DEC 18	"2018-06-18, 09:51:33"	DTB	-1	158.7	158.63	158700	-1.11	-158091.11	607.78	0.38	70	C
Trades	Data	Trade	Futures	EUR	FGBL DEC 18	"2018-06-19, 09:50:50"	DTB	1	159.12	159.01	-159120	-1.11	159121.11	0	0	-110	O
Trades	Data	Trade	Futures	EUR	FGBL DEC 18	"2018-06-20, 09:50:29"	DTB	-1	159.01	158.99	159010	-1.11	-158101.11	907.78	0.57	20	C
Trades	Data	Trade	Futures	EUR	FGBL DEC 18	"2018-06-21, 09:50:32"	DTB	1	159.47	159.63	-159470	-1.11	159471.11	0	0	160	O
Trades	Data	Trade	Futures	EUR	FGBL DEC 18	"2018-06-22, 09:50:32"	DTB	-1	159.53	159.58	159530	-1.11	-158101.11	1427.78	0.9	-50	C
Trades	Data	Trade	Futures	EUR	FGBL DEC 18	"2018-06-22, 09:50:43"	DTB	-1	159.53	159.58	159530	-1.11	-158101.11	1427.78	0.9	-50	C;P
Trades	Data	Trade	Futures	EUR	FGBL DEC 18	"2018-06-22, 09:50:43"	DTB	-1	159.53	159.58	159530	-1.11	-158701.11	827.78	0.52	-50	C;P
Trades	Data	Trade	Futures	EUR	FGBL DEC 18	"2018-06-22, 09:50:44"	DTB	-1	159.53	159.58	159530	-1.11	-158701.11	827.78	0.52	-50	C;P
Trades	Data	Trade	Futures	EUR	FGBL DEC 18	"2018-06-22, 09:50:44"	DTB	-1	159.53	159.58	159530	-1.11	-159121.11	407.78	0.26	-50	C;P
Trades	Data	Trade	Futures	EUR	FGBL DEC 18	"2018-06-22, 09:51:10"	DTB	-1	159.53	159.58	159530	-1.11	-159471.11	57.78	0.04	-50	C;P
Trades	Data	Trade	Futures	EUR	FGBL DEC 18	"2018-06-22, 09:51:10"	DTB	-1	159.53	159.58	159530	-1.11	-159528.89	0	0	-50	O;P
Trades	Data	Trade	Futures	EUR	FGBL DEC 18	"2018-06-25, 09:51:27"	DTB	1	159.62	159.69	-159620	-1.11	159528.89	-92.22	-0.06	70	C
Trades	Data	Trade	Futures	EUR	FGBL DEC 18	"2018-06-25, 09:51:27"	DTB	6	159.62	159.69	-957720	-6.66	957726.66	0	0	420	O
Trades	Data	Trade	Futures	EUR	FGBL DEC 18	"2018-06-26, 09:50:27"	DTB	-2	159.57	159.57	319140	-2.22	-319242.22	-104.44	-0.03	0	C;P
Trades	Data	Trade	Futures	EUR	FGBL DEC 18	"2018-06-26, 09:50:33"	DTB	-2	159.56	159.57	319120	-2.22	-319242.22	-124.44	-0.04	-20	C;P
Trades	Data	Trade	Futures	EUR	FGBL DEC 18	"2018-06-26, 09:50:37"	DTB	-2	159.56	159.57	319120	-2.22	-319242.22	-124.44	-0.04	-20	C;P
Trades	Data	Trade	Futures	EUR	FGBL DEC 18	"2018-06-26, 09:50:37"	DTB	-2	159.56	159.57	319120	-2.22	-319117.78	0	0	-20	O;P
Trades	Data	Trade	Futures	EUR	FGBL DEC 18	"2018-06-26, 09:50:37"	DTB	-2	159.56	159.57	319120	-2.22	-319117.78	0	0	-20	O;P
Trades	Data	Trade	Futures	EUR	FGBL DEC 18	"2018-06-26, 09:50:37"	DTB	-1	159.56	159.57	159560	-1.11	-159558.89	0	0	-10	O;P
Trades	Data	Trade	Futures	EUR	FGBL DEC 18	"2018-06-26, 09:50:37"	DTB	-2	159.56	159.57	319120	-2.22	-319117.78	0	0	-20	O;P
Trades	Data	Trade	Futures	EUR	FGBL DEC 18	"2018-06-26, 09:50:38"	DTB	-2	159.56	159.57	319120	-2.22	-319117.78	0	0	-20	O;P
Trades	Data	Trade	Futures	EUR	FGBL DEC 18	"2018-06-26, 09:50:46"	DTB	-2	159.56	159.57	319120	-2.22	-319117.78	0	0	-20	O;P
Trades	Data	Trade	Futures	EUR	FGBL DEC 18	"2018-06-26, 09:50:46"	DTB	-2	159.56	159.57	319120	-2.22	-319117.78	0	0	-20	O;P
Trades	Data	Trade	Futures	EUR	FGBL DEC 18	"2018-06-26, 09:50:47"	DTB	-2	159.56	159.57	319120	-2.22	-319117.78	0	0	-20	O;P
Trades	Data	Trade	Futures	EUR	FGBL DEC 18	"2018-06-27, 09:50:25"	DTB	12	159.69	159.75	-1916280	-13.32	1914706.68	-1586.64	-0.08	720	C;P
Trades	Data	Trade	Futures	EUR	FGBL DEC 18	"2018-06-27, 09:50:32"	DTB	3	159.7	159.75	-479100	-3.33	478676.67	-426.66	-0.09	150	C;P
Trades	Data	Trade	Futures	EUR	FGBL DEC 18	"2018-06-27, 09:50:32"	DTB	9	159.7	159.75	-1437300	-9.99	1437309.99	0	0	450	O;P
Trades	Data	Trade	Futures	EUR	FGBL DEC 18	"2018-06-27, 09:51:01"	DTB	5	159.7	159.75	-798500	-5.55	798505.55	0	0	250	O;P
Trades	Data	Trade	Futures	EUR	FGBL DEC 18	"2018-06-28, 08:19:26"	DTB	-2	160.09	159.93	320180	-2.22	-319402.22	775.56	0.24	320	C;L
Trades	Data	Trade	Futures	EUR	FGBL DEC 18	"2018-06-28, 12:28:20"	DTB	-5	159.86	159.93	799300	-5.55	-798505.55	788.9	0.1	-350	C;L
Trades	Data	Trade	Futures	EUR	FGBL DEC 18	"2018-06-28, 15:46:16"	DTB	-2	159.75	159.93	319500	-2.22	-319402.22	95.56	0.03	-360	C;L
Trades	Data	Trade	Futures	EUR	FGBL DEC 18	"2018-06-29, 02:01:03"	DTB	-5	159.62	160.01	798100	-5.55	-798505.55	-411.1	-0.05	-1950	C
Trades	Data	Trade	Futures	EUR	FGBL DEC 18	"2018-07-02, 09:51:25"	DTB	6	160.05	160.09	-960300	-6.66	960306.66	0	0	240	O
Trades	Data	Trade	Futures	EUR	FGBL DEC 18	"2018-07-03, 09:50:26"	DTB	-6	160.05	160.19	960300	-6.66	-960306.66	-13.32	0	-840	C
Trades	Data	Trade	Futures	EUR	FGBL DEC 18	"2018-07-04, 09:50:24"	DTB	6	160.14	160.02	-960840	-6.66	960846.66	0	0	-720	O
Trades	Data	Trade	Futures	EUR	FGBL DEC 18	"2018-07-09, 09:51:25"	DTB	-1	159.85	160.08	159850	-1.11	-160141.11	-292.22	-0.18	-230	C
Trades	Data	Trade	Futures	EUR	FGBL DEC 18	"2018-07-12, 09:50:26"	DTB	1	160.22	160.24	-160220	-1.11	160221.11	0	0	20	O
Trades	Data	Trade	Futures	EUR	FGBL DEC 18	"2018-07-17, 09:50:26"	DTB	1	160.35	160.32	-160350	-1.11	160351.11	0	0	-30	O
Trades	Data	Trade	Futures	EUR	FGBL DEC 18	"2018-08-06, 09:50:27"	DTB	-1	159.83	159.85	159830	-1.11	-160141.11	-312.22	-0.19	-20	C
Trades	Data	Trade	Futures	EUR	FGBL JUN 18	"2018-04-27, 09:50:27"	DTB	2	158.7	158.66	-317400	-2.22	317402.22	0	0	-80	O
Trades	Data	Trade	Futures	EUR	FGBL JUN 18	"2018-04-30, 09:51:38"	DTB	-1	158.64	158.74	158640	-1.11	-158701.11	-62.22	-0.04	-100	C
Trades	Data	Trade	Futures	EUR	FGBL JUN 18	"2018-05-02, 02:01:09"	DTB	1	158.68	158.59	-158680	-1.11	158681.11	0	0	-90	O
Trades	Data	Trade	Futures	EUR	FGBL JUN 18	"2018-05-02, 09:50:40"	DTB	-1	158.59	158.59	158590	-1.11	-158701.11	-112.22	-0.07	0	C
Trades	Data	Trade	Futures	EUR	FGBL JUN 18	"2018-05-03, 09:50:28"	DTB	1	159.05	159.26	-159050	-1.11	159051.11	0	0	210	O
Trades	Data	Trade	Futures	EUR	FGBL JUN 18	"2018-05-04, 09:50:28"	DTB	-1	159.13	159.08	159130	-1.11	-158681.11	447.78	0.28	50	C
Trades	Data	Trade	Futures	EUR	FGBL JUN 18	"2018-05-07, 09:51:28"	DTB	1	159.34	159.31	-159340	-1.11	159341.11	0	0	-30	O
Trades	Data	Trade	Futures	EUR	FGBL JUN 18	"2018-05-08, 09:50:32"	DTB	-1	158.99	158.85	158990	-1.11	-159051.11	-62.22	-0.04	140	C
Trades	Data	Trade	Futures	EUR	FGBL JUN 18	"2018-05-09, 09:50:31"	DTB	1	158.77	158.85	-158770	-1.11	158771.11	0	0	80	O
Trades	Data	Trade	Futures	EUR	FGBL JUN 18	"2018-05-10, 09:50:36"	DTB	-1	159.09	159.07	159090	-1.11	-159341.11	-252.22	-0.16	20	C
Trades	Data	Trade	Futures	EUR	FGBL JUN 18	"2018-05-11, 09:50:37"	DTB	-1	158.82	158.85	158820	-1.11	-158771.11	47.78	0.03	-30	C
Trades	Data	Trade	Futures	EUR	FGBL SEP 18	"2018-05-11, 09:50:37"	DTB	1	158.65	158.66	-158650	-1.11	158651.11	0	0	10	O
Trades	Data	Trade	Futures	EUR	FGBL SEP 18	"2018-05-14, 09:51:25"	DTB	1	158.06	157.93	-158060	-1.11	158061.11	0	0	-130	O
Trades	Data	Trade	Futures	EUR	FGBL SEP 18	"2018-05-15, 09:50:25"	DTB	-1	157.55	157.53	157550	-1.11	-158651.11	-1102.22	-0.69	20	C
Trades	Data	Trade	Futures	EUR	FGBL SEP 18	"2018-05-17, 09:50:28"	DTB	1	157.87	157.61	-157870	-1.11	157871.11	0	0	-260	O
Trades	Data	Trade	Futures	EUR	FGBL SEP 18	"2018-05-18, 09:50:38"	DTB	-2	158	158.44	316000	-2.22	-315932.22	65.56	0.02	-880	C
Trades	Data	Trade	Futures	EUR	FGBL SEP 18	"2018-05-21, 09:51:26"	DTB	1	158.87	158.7	-158870	-1.11	158871.11	0	0	-170	O
Trades	Data	Trade	Futures	EUR	FGBL SEP 18	"2018-05-22, 09:50:30"	DTB	-1	158.9	158.7	158900	-1.11	-158871.11	27.78	0.02	200	C
Trades	Data	Trade	Futures	EUR	FGBL SEP 18	"2018-05-23, 09:50:35"	DTB	1	159.44	159.6	-159440	-1.11	159441.11	0	0	160	O
Trades	Data	Trade	Futures	EUR	FGBL SEP 18	"2018-05-24, 09:50:25"	DTB	-1	160.01	160.09	160010	-1.11	-159441.11	567.78	0.36	-80	C
Trades	Data	Trade	Futures	EUR	FGBL SEP 18	"2018-05-25, 09:50:29"	DTB	1	161.2	160.91	-161200	-1.11	161201.11	0	0	-290	O
Trades	Data	Trade	Futures	EUR	FGBL SEP 18	"2018-06-07, 09:50:31"	DTB	-1	159.8	159.64	159800	-1.11	-161201.11	-1402.22	-0.87	160	C
Trades	Data	Trade	Futures	EUR	FGBL SEP 18	"2018-06-08, 09:50:36"	DTB	1	160.47	160.4	-160470	-1.11	160471.11	0	0	-70	O
Trades	Data	Trade	Futures	EUR	FGBL SEP 18	"2018-06-22, 09:50:32"	DTB	-1	162.06	162.1	162060	-1.11	-160471.11	1587.78	0.99	-40	C
Trades	Data	Trade	Futures	EUR	MFCM8	"2018-04-27, 09:50:27"	MONEP	7	5382	5376	-37674	-1.505	37675.505	0	0	-42	O;P
Trades	Data	Trade	Futures	EUR	MFCM8	"2018-04-27, 09:50:30"	MONEP	4	5382.5	5376	-21530	-0.86	21530.86	0	0	-26	O;P
Trades	Data	Trade	Futures	EUR	MFCM8	"2018-04-30, 09:51:38"	MONEP	-11	5359	5412.5	58949	-2.365	-59206.365	-259.73	-0.44	-588.5	C
Trades	Data	Trade	Futures	EUR	MFCM8	"2018-05-02, 02:00:11"	MONEP	2	5471	5429.5	-10942	-0.43	10942.43	0	0	-83	O;P
Trades	Data	Trade	Futures	EUR	MFCM8	"2018-05-02, 02:00:40"	MONEP	7	5471	5429.5	-38297	-1.505	38298.505	0	0	-290.5	O;P
Trades	Data	Trade	Futures	EUR	MFCM8	"2018-05-02, 02:00:40"	MONEP	4	5471	5429.5	-21884	-0.86	21884.86	0	0	-166	O;P
Trades	Data	Trade	Futures	EUR	MFCM8	"2018-05-02, 09:50:40"	MONEP	-13	5398	5429.5	70174	-2.795	-71125.795	-954.59	-1.34	-409.5	C
Trades	Data	Trade	Futures	EUR	MFCM8	"2018-05-03, 09:50:28"	MONEP	7	5444.5	5413.5	-38111.5	-1.505	38113.005	0	0	-217	O;P
Trades	Data	Trade	Futures	EUR	MFCM8	"2018-05-03, 09:50:34"	MONEP	7	5445	5413.5	-38115	-1.505	38116.505	0	0	-220.5	O;P
Trades	Data	Trade	Futures	EUR	MFCM8	"2018-05-03, 09:50:38"	MONEP	3	5445	5413.5	-16335	-0.645	16335.645	0	0	-94.5	O;P
Trades	Data	Trade	Futures	EUR	MFCM8	"2018-05-04, 09:50:28"	MONEP	-15	5386.5	5434	80797.5	-3.225	-81674.725	-880.45	-1.08	-712.5	C
Trades	Data	Trade	Futures	EUR	MFCM8	"2018-05-07, 09:51:28"	MONEP	7	5460.5	5448.5	-38223.5	-1.505	38225.005	0	0	-84	O;P
Trades	Data	Trade	Futures	EUR	MFCM8	"2018-05-07, 09:51:34"	MONEP	7	5460.5	5448.5	-38223.5	-1.505	38225.005	0	0	-84	O;P
Trades	Data	Trade	Futures	EUR	MFCM8	"2018-05-07, 09:51:59"	MONEP	4	5460.5	5448.5	-21842	-0.86	21842.86	0	0	-48	O;P
Trades	Data	Trade	Futures	EUR	MFCM8	"2018-05-08, 09:50:32"	MONEP	-17	5404	5438.5	91868	-3.655	-92801.155	-936.81	-1.01	-586.5	C
Trades	Data	Trade	Futures	EUR	MFCM8	"2018-05-09, 09:50:31"	MONEP	7	5455.5	5451	-38188.5	-1.505	38190.005	0	0	-31.5	O;P
Trades	Data	Trade	Futures	EUR	MFCM8	"2018-05-09, 09:50:33"	MONEP	7	5455.5	5451	-38188.5	-1.505	38190.005	0	0	-31.5	O;P
Trades	Data	Trade	Futures	EUR	MFCM8	"2018-05-09, 09:50:52"	MONEP	3	5455.5	5451	-16366.5	-0.645	16367.145	0	0	-13.5	O;P
Trades	Data	Trade	Futures	EUR	MFCM8	"2018-05-10, 09:50:36"	MONEP	-16	5436.5	5462.5	86984	-3.44	-87306.44	-325.88	-0.37	-416	C
Trades	Data	Trade	Futures	EUR	MFCM8	"2018-05-11, 09:50:37"	MONEP	-3	5445.5	5477.5	16336.5	-0.645	-16367.145	-31.29	-0.19	-96	C;P
Trades	Data	Trade	Futures	EUR	MFCM8	"2018-05-11, 09:51:13"	MONEP	-1	5445.5	5477.5	5445.5	-0.215	-5455.715	-10.43	-0.19	-32	C;P
Trades	Data	Trade	Futures	GBP	RM8	"2018-05-01, 09:50:34"	ICEEU	1	122.39	122.44	-122390	-0.93	122390.93	0	0	50	O
Trades	Data	Trade	Futures	GBP	RM8	"2018-05-02, 09:50:40"	ICEEU	-1	121.98	121.91	121980	-0.93	-122390.93	-411.86	-0.34	70	C
Trades	Data	Trade	Futures	GBP	RM8	"2018-05-03, 09:50:28"	ICEEU	1	122.4	122.58	-122400	-0.93	122400.93	0	0	180	O
Trades	Data	Trade	Futures	GBP	RM8	"2018-05-04, 09:50:28"	ICEEU	-1	122.68	122.56	122680	-0.93	-122400.93	278.14	0.23	120	C
Trades	Data	Trade	Futures	GBP	RM8	"2018-05-08, 03:00:00"	ICEEU	1	122.52	122.14	-122520	-0.93	122520.93	0	0	-380	O
Trades	Data	Trade	Futures	GBP	RM8	"2018-05-08, 09:50:32"	ICEEU	-1	122.14	122.14	122140	-0.93	-122520.93	-381.86	-0.31	0	C
Trades	Data	Trade	Futures	GBP	RM8	"2018-05-09, 09:50:31"	ICEEU	1	121.86	121.9	-121860	-0.93	121860.93	0	0	40	O
Trades	Data	Trade	Futures	GBP	RM8	"2018-05-10, 09:50:36"	ICEEU	-1	122.37	122.34	122370	-0.93	-121860.93	508.14	0.42	30	C
Trades	Data	Trade	Futures	GBP	RU8	"2018-05-14, 09:51:25"	ICEEU	1	120.82	120.83	-120820	-0.93	120820.93	0	0	10	O
Trades	Data	Trade	Futures	GBP	RU8	"2018-05-15, 09:50:25"	ICEEU	-1	120.54	120.48	120540	-0.93	-120820.93	-281.86	-0.23	60	C
Trades	Data	Trade	Futures	GBP	RU8	"2018-05-16, 09:50:26"	ICEEU	1	120.69	120.6	-120690	-0.93	120690.93	0	0	-90	O
Trades	Data	Trade	Futures	GBP	RU8	"2018-05-17, 09:50:28"	ICEEU	-1	120.29	120.06	120290	-0.93	-120690.93	-401.86	-0.33	230	C
Trades	Data	Trade	Futures	GBP	RU8	"2018-05-18, 09:50:37"	ICEEU	1	120.39	120.62	-120390	-0.93	120390.93	0	0	230	O
Trades	Data	Trade	Futures	GBP	RU8	"2018-05-24, 09:50:25"	ICEEU	-1	121.68	121.69	121680	-0.93	-120390.93	1288.14	1.07	-10	C
Trades	Data	Trade	Futures	GBP	RU8	"2018-05-25, 09:50:29"	ICEEU	1	122.61	122.35	-122610	-0.93	122610.93	0	0	-260	O
Trades	Data	Trade	Futures	GBP	RU8	"2018-06-22, 09:50:32"	ICEEU	-1	122.71	122.73	122710	-0.93	-122610.93	98.14	0.08	-20	C
Trades	Data	Trade	Futures	GBP	RZ8	"2018-07-02, 09:51:25"	ICEEU	1	122.75	122.45	-122750	-0.93	122750.93	0	0	-300	O
Trades	Data	Trade	Futures	GBP	RZ8	"2018-07-03, 09:50:26"	ICEEU	-1	121.91	122.57	121910	-0.93	-122750.93	-841.86	-0.69	-660	C
Trades	Data	Trade	Futures	GBP	RZ8	"2018-07-04, 09:50:24"	ICEEU	1	122.53	122.24	-122530	-0.93	122530.93	0	0	-290	O
Trades	Data	Trade	Futures	GBP	RZ8	"2018-07-12, 09:50:26"	ICEEU	1	122.29	122.25	-122290	-0.93	122290.93	0	0	-40	O
Trades	Data	Trade	Futures	GBP	RZ8	"2018-07-17, 09:50:26"	ICEEU	-1	122.47	122.43	122470	-0.93	-122530.93	-61.86	-0.05	40	C
Trades	Data	Trade	Futures	HKD	MHIM8	"2018-04-27, 02:50:59"	HKFE	2	29952	29949	-599040	-24.2	599064.2	0	0	-60	O
Trades	Data	Trade	Futures	HKD	MHIM8	"2018-05-01, 21:15:00"	HKFE	-1	30379	30452	303790	-12.1	-299532.1	4245.8	1.42	-730	C
Trades	Data	Trade	Futures	HKD	MHIM8	"2018-05-02, 02:50:26"	HKFE	1	30456	30452	-304560	-12.1	304572.1	0	0	-40	O
Trades	Data	Trade	Futures	HKD	MHIM8	"2018-05-11, 02:51:18"	HKFE	-2	30875	30987	617500	-24.2	-604104.2	13371.6	2.21	-2240	C
Trades	Data	Trade	Futures	HKD	MHIU8	"2018-05-11, 02:51:18"	HKFE	1	30588	30695	-305880	-12.1	305892.1	0	0	1070	O;P
Trades	Data	Trade	Futures	HKD	MHIU8	"2018-05-11, 02:51:18"	HKFE	1	30588	30695	-305880	-12.1	305892.1	0	0	1070	O;P
Trades	Data	Trade	Futures	HKD	MHIU8	"2018-05-24, 02:50:25"	HKFE	1	30227	30297	-302270	-12.1	302282.1	0	0	700	O
Trades	Data	Trade	Futures	HKD	MHIU8	"2018-05-25, 02:50:23"	HKFE	-1	30233	30239	302330	-12.1	-305892.1	-3574.2	-1.17	-60	C
Trades	Data	Trade	Futures	HKD	MHIU8	"2018-05-29, 02:50:24"	HKFE	1	30127	30032	-301270	-12.1	301282.1	0	0	-950	O
Trades	Data	Trade	Futures	HKD	MHIU8	"2018-05-30, 02:50:29"	HKFE	-1	29561	29581	295610	-12.1	-305892.1	-10294.2	-3.37	-200	C
Trades	Data	Trade	Futures	HKD	MHIU8	"2018-06-19, 02:50:25"	HKFE	1	29043	29056	-290430	-12.1	290442.1	0	0	130	O
Trades	Data	Trade	Futures	HKD	MHIU8	"2018-06-20, 02:50:25"	HKFE	-1	29412	29363	294120	-12.1	-302282.1	-8174.2	-2.7	490	C;P
Trades	Data	Trade	Futures	HKD	MHIU8	"2018-06-20, 02:50:25"	HKFE	-1	29412	29363	294120	-12.1	-301282.1	-7174.2	-2.38	490	C;P
Trades	Data	Trade	Futures	HKD	MHIU8	"2018-06-21, 02:50:33"	HKFE	2	28983	28992	-579660	-24.2	579684.2	0	0	180	O
Trades	Data	Trade	Futures	HKD	MHIU8	"2018-06-22, 02:51:01"	HKFE	-3	29019	29032	870570	-36.3	-870126.3	407.4	0.05	-390	C
Trades	Data	Trade	Futures	HKD	MHIU8	"2018-06-22, 02:51:01"	HKFE	-1	29019	29032	290190	-12.1	-290177.9	0	0	-130	O
Trades	Data	Trade	Futures	HKD	MHIU8	"2018-06-26, 02:50:23"	HKFE	1	28592	28647	-285920	-12.1	290177.9	4245.8	1.46	550	C
Trades	Data	Trade	Futures	HKD	MHIU8	"2018-06-26, 02:50:24"	HKFE	3	28593	28647	-857790	-36.3	857826.3	0	0	1620	O
Trades	Data	Trade	Futures	HKD	MHIU8	"2018-06-27, 02:50:22"	HKFE	-2	28256	28058	565120	-24.2	-571884.2	-6788.4	-1.19	3960	C;P
Trades	Data	Trade	Futures	HKD	MHIU8	"2018-06-27, 02:50:23"	HKFE	-1	28256	28058	282560	-12.1	-285942.1	-3394.2	-1.19	1980	C;P
Trades	Data	Trade	Futures	HKD	MHIU8	"2018-06-27, 02:50:23"	HKFE	-3	28256	28058	847680	-36.3	-847643.7	0	0	5940	O;P
Trades	Data	Trade	Futures	HKD	MHIU8	"2018-06-27, 02:50:23"	HKFE	-1	28256	28058	282560	-12.1	-282547.9	0	0	1980	O;P
Trades	Data	Trade	Futures	HKD	MHIU8	"2018-06-27, 02:50:23"	HKFE	-2	28256	28058	565120	-24.2	-565095.8	0	0	3960	O;P
Trades	Data	Trade	Futures	HKD	MHIU8	"2018-06-27, 02:50:23"	HKFE	-2	28256	28058	565120	-24.2	-565095.8	0	0	3960	O;P
Trades	Data	Trade	Futures	HKD	MHIU8	"2018-06-27, 02:50:24"	HKFE	-1	28256	28058	282560	-12.1	-282547.9	0	0	1980	O;P
Trades	Data	Trade	Futures	HKD	MHIU8	"2018-06-28, 02:50:34"	HKFE	2	27931	28155	-558620	-24.2	565095.8	6451.6	1.14	4480	C;P
Trades	Data	Trade	Futures	HKD	MHIU8	"2018-06-28, 02:50:34"	HKFE	3	27931	28155	-837930	-36.3	847643.7	9677.4	1.14	6720	C;P
Trades	Data	Trade	Futures	HKD	MHIU8	"2018-06-28, 02:50:37"	HKFE	3	27929	28155	-837870	-36.3	837906.3	0	0	6780	O;P
Trades	Data	Trade	Futures	HKD	MHIU8	"2018-06-28, 02:50:37"	HKFE	2	27929	28155	-558580	-24.2	558604.2	0	0	4520	O;P
Trades	Data	Trade	Futures	HKD	MHIU8	"2018-06-28, 02:50:38"	HKFE	6	27929	28155	-1675740	-72.6	1675812.6	0	0	13560	O;P
Trades	Data	Trade	Futures	HKD	MHIU8	"2018-06-28, 02:50:38"	HKFE	1	27929	28155	-279290	-12.1	279302.1	0	0	2260	O;P
Trades	Data	Trade	Futures	HKD	MHIU8	"2018-06-28, 02:50:35"	HKFE	5	27931	28155	-1396550	-60.5	1130191.6	12903.2	1.14	11200	C;O;P
Trades	Data	Trade	Futures	HKD	MHIU8	"2018-06-28, 02:50:35"	HKFE	2	27931	28155	-558620	-24.2	558644.2	0	0	4480	O;P
Trades	Data	Trade	Futures	HKD	MHIU8	"2018-06-28, 02:50:35"	HKFE	1	27931	28155	-279310	-12.1	279322.1	0	0	2240	O;P
Trades	Data	Trade	Futures	HKD	MHIU8	"2018-06-28, 02:50:35"	HKFE	3	27931	28155	-837930	-36.3	837966.3	0	0	6720	O;P
Trades	Data	Trade	Futures	HKD	MHIU8	"2018-06-28, 02:50:36"	HKFE	3	27931	28155	-837930	-36.3	837966.3	0	0	6720	O;P
Trades	Data	Trade	Futures	HKD	MHIU8	"2018-06-28, 02:50:37"	HKFE	5	27931	28155	-1396550	-60.5	1396610.5	0	0	11200	O;P
Trades	Data	Trade	Futures	HKD	MHIU8	"2018-06-28, 04:01:57"	HKFE	-1	28198	28155	281980	-12.1	-279322.1	2645.8	0.95	430	C;L
Trades	Data	Trade	Futures	HKD	MHIU8	"2018-06-28, 21:15:00"	HKFE	-1	28151	28623	281510	-12.1	-279322.1	2175.8	0.78	-4720	C;P
Trades	Data	Trade	Futures	HKD	MHIU8	"2018-06-28, 21:15:01"	HKFE	-3	28151	28623	844530	-36.3	-837966.3	6527.4	0.78	-14160	C;P
Trades	Data	Trade	Futures	HKD	MHIU8	"2018-06-28, 21:15:01"	HKFE	-3	28151	28623	844530	-36.3	-837966.3	6527.4	0.78	-14160	C;P
Trades	Data	Trade	Futures	HKD	MHIU8	"2018-06-28, 21:15:01"	HKFE	-1	28151	28623	281510	-12.1	-279322.1	2175.8	0.78	-4720	C;P
Trades	Data	Trade	Futures	HKD	MHIU8	"2018-06-28, 21:15:02"	HKFE	-1	28151	28623	281510	-12.1	-279322.1	2175.8	0.78	-4720	C;P
Trades	Data	Trade	Futures	HKD	MHIU8	"2018-06-28, 21:15:02"	HKFE	-5	28151	28623	1407550	-60.5	-1396510.5	10979	0.79	-23600	C;P
Trades	Data	Trade	Futures	HKD	MHIU8	"2018-06-28, 21:15:02"	HKFE	-3	28151	28623	844530	-36.3	-837966.3	6527.4	0.78	-14160	C;P
Trades	Data	Trade	Futures	HKD	MHIU8	"2018-06-28, 21:15:03"	HKFE	-3	28151	28623	844530	-36.3	-837946.3	6547.4	0.78	-14160	C;P
Trades	Data	Trade	Futures	HKD	MHIU8	"2018-06-28, 21:15:03"	HKFE	-3	28151	28623	844530	-36.3	-837906.3	6587.4	0.79	-14160	C;P
Trades	Data	Trade	Futures	HKD	MHIU8	"2018-06-28, 21:15:03"	HKFE	-3	28151	28623	844530	-36.3	-837906.3	6587.4	0.79	-14160	C;P
Trades	Data	Trade	Futures	HKD	MHIZ8	"2018-07-10, 02:50:26"	HKFE	1	28797	28606	-287970	-12.1	287982.1	0	0	-1910	O
Trades	Data	Trade	Futures	HKD	MHIZ8	"2018-07-12, 02:50:24"	HKFE	-1	28512	28442	285120	-12.1	-287982.1	-2874.2	-1	700	C
Trades	Data	Trade	Futures	JPY	163060019	"2018-04-27, 03:30:01"	OSE.JPN	1	22500	22500	-2250000	-41	2250041	0	0	0	O
Trades	Data	Trade	Futures	JPY	163060019	"2018-05-01, 03:30:01"	OSE.JPN	1	22505	22470	-2250500	-41	2250541	0	0	-3500	O
Trades	Data	Trade	Futures	JPY	163060019	"2018-05-02, 03:30:01"	OSE.JPN	-1	22480	22450	2248000	-41	-2250041	-2082	-0.09	3000	C
Trades	Data	Trade	Futures	JPY	163060019	"2018-05-06, 19:45:01"	OSE.JPN	3	22510	22450	-6753000	-123	6753123	0	0	-18000	O
Trades	Data	Trade	Futures	JPY	163060019	"2018-05-06, 19:45:01"	OSE.JPN	3	22510	22450	-6753000	-123	6753123	0	0	-18000	O
Trades	Data	Trade	Futures	JPY	163060019	"2018-05-08, 03:30:01"	OSE.JPN	-3	22510	22420	6753000	-123	-6752623	254	0	27000	C
Trades	Data	Trade	Futures	JPY	163060019	"2018-05-09, 03:30:01"	OSE.JPN	4	22435	22500	-8974000	-164	8974164	0	0	26000	O
Trades	Data	Trade	Futures	JPY	163060019	"2018-05-10, 03:30:01"	OSE.JPN	-5	22495	22730	11247500	-205	-11247705	-410	0	-117500	C
Trades	Data	Trade	Futures	JPY	163060019	"2018-05-11, 03:30:01"	OSE.JPN	-3	22715	22860	6814500	-123	-6730623	83754	1.24	-43500	C
Trades	Data	Trade	Futures	JPY	163090019	"2018-05-11, 03:30:01"	OSE.JPN	4	22665	22810	-9066000	-164	9066164	0	0	58000	O
Trades	Data	Trade	Futures	JPY	163090019	"2018-05-15, 03:30:01"	OSE.JPN	1	22775	22680	-2277500	-41	2277541	0	0	-9500	O
Trades	Data	Trade	Futures	JPY	163090019	"2018-05-22, 03:30:01"	OSE.JPN	2	22945	22670	-4589000	-82	4589082	0	0	-55000	O
Trades	Data	Trade	Futures	JPY	163090019	"2018-05-23, 03:30:01"	OSE.JPN	-2	22570	22370	4514000	-82	-4533082	-19164	-0.42	40000	C
Trades	Data	Trade	Futures	JPY	163090019	"2018-05-24, 03:30:01"	OSE.JPN	1	22425	22400	-2242500	-41	2242541	0	0	-2500	O
Trades	Data	Trade	Futures	JPY	163090019	"2018-05-25, 03:30:01"	OSE.JPN	-4	22345	22440	8938000	-164	-9105164	-167328	-1.84	-38000	C
Trades	Data	Trade	Futures	JPY	163090019	"2018-05-29, 03:30:01"	OSE.JPN	2	22170	21980	-4434000	-82	4434082	0	0	-38000	O
Trades	Data	Trade	Futures	JPY	163090019	"2018-05-30, 03:30:01"	OSE.JPN	-3	22010	22130	6603000	-123	-6754123	-151246	-2.24	-36000	C
Trades	Data	Trade	Futures	JPY	163090019	"2018-05-31, 03:30:01"	OSE.JPN	1	22135	22160	-2213500	-41	2213541	0	0	2500	O
Trades	Data	Trade	Futures	JPY	163090019	"2018-06-01, 03:30:01"	OSE.JPN	-1	22185	22450	2218500	-41	-2217041	1418	0.06	-26500	C
Trades	Data	Trade	Futures	JPY	163090019	"2018-06-05, 03:30:01"	OSE.JPN	1	22470	22590	-2247000	-41	2247041	0	0	12000	O
Trades	Data	Trade	Futures	JPY	163090019	"2018-06-06, 03:30:01"	OSE.JPN	-1	22610	22810	2261000	-41	-2213541	47418	2.14	-20000	C
Trades	Data	Trade	Futures	JPY	163090019	"2018-06-07, 03:30:01"	OSE.JPN	2	22815	22620	-4563000	-82	4563082	0	0	-39000	O
Trades	Data	Trade	Futures	JPY	163090019	"2018-06-08, 03:30:01"	OSE.JPN	-2	22545	22790	4509000	-82	-4528582	-19664	-0.43	-49000	C;P
Trades	Data	Trade	Futures	JPY	163090019	"2018-06-08, 03:30:01"	OSE.JPN	-3	22545	22790	6763500	-123	-2281541	-27082	-1.19	-73500	C;O;P
Trades	Data	Trade	Futures	JPY	163090019	"2018-06-22, 03:30:01"	OSE.JPN	2	22525	22300	-4505000	-82	4508918	3836	0.09	-45000	C
Trades	Data	Trade	Futures	JPY	163120019	"2018-06-08, 03:30:01"	OSE.JPN	5	22400	22620	-11200000	-205	11200205	0	0	110000	O
Trades	Data	Trade	Futures	JPY	163120019	"2018-06-20, 03:30:01"	OSE.JPN	-2	22290	22440	4458000	-82	-4480082	-22164	-0.49	-30000	C
Trades	Data	Trade	Futures	JPY	163120019	"2018-06-21, 03:30:01"	OSE.JPN	1	22440	22300	-2244000	-41	2244041	0	0	-14000	O
Trades	Data	Trade	Futures	JPY	163120019	"2018-06-22, 03:30:01"	OSE.JPN	-1	22355	22130	2235500	-41	-2240041	-4582	-0.2	22500	C
Trades	Data	Trade	Futures	JPY	163120019	"2018-06-22, 03:30:01"	OSE.JPN	-1	22355	22130	2235500	-41	-2240041	-4582	-0.2	22500	C
Trades	Data	Trade	Futures	JPY	163120019	"2018-06-26, 03:30:01"	OSE.JPN	-2	22140	22060	4428000	-82	-4484082	-56164	-1.25	16000	C
Trades	Data	Trade	Futures	JPY	163120019	"2018-06-27, 03:30:01"	OSE.JPN	2	22030	22060	-4406000	-82	4406082	0	0	6000	O
Trades	Data	Trade	Futures	JPY	163120019	"2018-06-27, 03:30:01"	OSE.JPN	4	22030	22060	-8812000	-164	8812164	0	0	12000	O
Trades	Data	Trade	Futures	JPY	163120019	"2018-06-28, 03:30:01"	OSE.JPN	-2	22090	22130	4418000	-82	-4406082	11836	0.27	-8000	C;P
Trades	Data	Trade	Futures	JPY	163120019	"2018-06-28, 03:30:01"	OSE.JPN	-2	22085	22130	4417000	-82	-4406082	10836	0.25	-9000	C;P
Trades	Data	Trade	Futures	JPY	163120019	"2018-06-28, 19:45:01"	OSE.JPN	-2	22125	22130	4425000	-82	-4406082	18836	0.43	-1000	C
Trades	Data	Trade	Futures	JPY	163120019	"2018-07-03, 03:30:01"	OSE.JPN	1	21630	21540	-2163000	-41	2163041	0	0	-9000	O
Trades	Data	Trade	Futures	JPY	163120019	"2018-07-04, 03:30:01"	OSE.JPN	-1	21515	21320	2151500	-41	-2163041	-11582	-0.54	19500	C
Trades	Data	Trade	Futures	JPY	163120019	"2018-07-05, 03:30:01"	OSE.JPN	1	21440	21620	-2144000	-41	2144041	0	0	18000	O
Trades	Data	Trade	Futures	JPY	163120019	"2018-07-10, 03:30:01"	OSE.JPN	-1	22020	21750	2202000	-41	-2144041	57918	2.7	27000	C
Trades	Data	Trade	Futures	JPY	163120019	"2018-07-11, 03:30:01"	OSE.JPN	1	21715	22040	-2171500	-41	2171541	0	0	32500	O
Trades	Data	Trade	Futures	JPY	163120019	"2018-07-12, 03:30:01"	OSE.JPN	-1	22040	22440	2204000	-41	-2171541	32418	1.49	-40000	C
Trades	Data	Trade	Futures	JPY	163120019	"2018-07-17, 03:30:01"	OSE.JPN	1	22530	22630	-2253000	-41	2253041	0	0	10000	O
Trades	Data	Trade	Futures	USD	ESM8	"2018-05-08, 15:50:29"	GLOBEX	1	2667.75	2670.3	-133387.5	-2.05	133389.55	0	0	127.5	O
Trades	Data	Trade	Futures	USD	ESM8	"2018-05-09, 15:50:29"	GLOBEX	-1	2694.5	2696	134725	-2.05	-133389.55	1333.4	1	-75	C
Trades	Data	Trade	Futures	USD	ESM8	"2018-05-10, 15:50:28"	GLOBEX	1	2723	2718.7	-136150	-2.05	136152.05	0	0	-215	O
Trades	Data	Trade	Futures	USD	ESM8	"2018-05-11, 15:50:28"	GLOBEX	-1	2724.5	2729.4	136225	-2.05	-136152.05	70.9	0.05	-245	C
Trades	Data	Trade	Futures	USD	ESU8	"2018-05-11, 15:50:28"	GLOBEX	1	2729.25	2733.6	-136462.5	-2.05	136464.55	0	0	217.5	O
Trades	Data	Trade	Futures	USD	ESU8	"2018-06-18, 15:50:35"	GLOBEX	-1	2778	2779.7	138900	-2.05	-136464.55	2433.4	1.78	-85	C
Trades	Data	Trade	Futures	USD	ESZ8	"2018-06-18, 15:50:36"	GLOBEX	2	2782.75	2783.9	-278275	-4.1	278279.1	0	0	115	O
Trades	Data	Trade	Futures	USD	ESZ8	"2018-06-19, 15:50:38"	GLOBEX	-2	2767.75	2770.1	276775	-4.1	-278279.1	-1508.2	-0.54	-235	C
Trades	Data	Trade	Futures	USD	ESZ8	"2018-06-20, 15:50:30"	GLOBEX	1	2775.5	2775.9	-138775	-2.05	138777.05	0	0	20	O
Trades	Data	Trade	Futures	USD	ESZ8	"2018-06-25, 15:50:34"	GLOBEX	1	2725.75	2725.6	-136287.5	-2.05	136289.55	0	0	-7.5	O
Trades	Data	Trade	Futures	USD	ESZ8	"2018-06-25, 15:50:34"	GLOBEX	-1	2725	2725.6	136250	-2.05	-138777.05	-2529.1	-1.82	-30	C
Trades	Data	Trade	Futures	USD	ESZ8	"2018-06-26, 15:50:55"	GLOBEX	-1	2727.25	2732	136362.5	-2.05	-136289.55	70.9	0.05	-237.5	C
Trades	Data	Trade	Futures	USD	ESZ8	"2018-07-02, 15:50:27"	GLOBEX	1	2729.5	2730.6	-136475	-2.05	136477.05	0	0	55	O
Trades	Data	Trade	Futures	USD	ESZ8	"2018-07-03, 18:00:01"	GLOBEX	-1	2715.25	2742.2	135762.5	-2.05	-136477.05	-716.6	-0.53	-1347.5	C
Trades	Data	Trade	Futures	USD	ESZ8	"2018-07-04, 18:00:00"	GLOBEX	1	2726.25	2742.2	-136312.5	-2.05	136314.55	0	0	797.5	O
Trades	Data	Trade	Futures	USD	MGCM8	"2018-04-27, 15:50:35"	NYMEX	-2	1324.6	1323.4	26492	-2.14	-26489.86	0	0	24	O;P
Trades	Data	Trade	Futures	USD	MGCM8	"2018-04-27, 15:50:40"	NYMEX	-3	1324.5	1323.4	39735	-3.21	-39731.79	0	0	33	O;P
Trades	Data	Trade	Futures	USD	MGCM8	"2018-05-01, 15:50:31"	NYMEX	-1	1305.5	1306.8	13055	-1.07	-13053.93	0	0	-13	O
Trades	Data	Trade	Futures	USD	MGCM8	"2018-05-03, 15:50:31"	NYMEX	-1	1312.9	1312.7	13129	-1.07	-13127.93	0	0	2	O
Trades	Data	Trade	Futures	USD	MGCM8	"2018-05-04, 15:50:32"	NYMEX	1	1314.9	1314.7	-13149	-1.07	13244.93	94.86	0.72	-2	C
Trades	Data	Trade	Futures	USD	MGCM8	"2018-05-07, 15:50:29"	NYMEX	-2	1314.3	1314.1	26286	-2.14	-26283.86	0	0	4	O
Trades	Data	Trade	Futures	USD	MGCM8	"2018-05-08, 15:50:29"	NYMEX	1	1315.5	1313.7	-13155	-1.07	13244.93	88.86	0.67	-18	C
Trades	Data	Trade	Futures	USD	MGCM8	"2018-05-09, 15:50:29"	NYMEX	-1	1311.7	1313	13117	-1.07	-13115.93	0	0	-13	O
Trades	Data	Trade	Futures	USD	MGCM8	"2018-05-11, 15:50:28"	NYMEX	8	1319.4	1320.7	-105552	-8.56	105313.44	-247.12	-0.23	104	C
Trades	Data	Trade	Futures	USD	MGCM9	"2018-07-02, 15:50:27"	NYMEX	-2	1271.1	1270.9	25422	-2.14	-25419.86	0	0	4	O;P
Trades	Data	Trade	Futures	USD	MGCM9	"2018-07-02, 15:50:50"	NYMEX	-2	1271	1270.9	25420	-2.14	-25417.86	0	0	2	O;P
Trades	Data	Trade	Futures	USD	MGCM9	"2018-07-02, 15:50:55"	NYMEX	-2	1271	1270.9	25420	-2.14	-25417.86	0	0	2	O;P
Trades	Data	Trade	Futures	USD	MGCM9	"2018-07-02, 15:50:59"	NYMEX	-2	1271	1270.9	25420	-2.14	-25417.86	0	0	2	O;P
Trades	Data	Trade	Futures	USD	MGCM9	"2018-07-02, 15:51:00"	NYMEX	-2	1271	1270.9	25420	-2.14	-25417.86	0	0	2	O;P
Trades	Data	Trade	Futures	USD	MGCM9	"2018-07-02, 15:51:18"	NYMEX	-2	1271	1270.9	25420	-2.14	-25417.86	0	0	2	O;P
Trades	Data	Trade	Futures	USD	MGCM9	"2018-07-02, 15:51:50"	NYMEX	-2	1270.9	1270.9	25418	-2.14	-25415.86	0	0	0	O;P
Trades	Data	Trade	Futures	USD	MGCM9	"2018-07-02, 15:52:22"	NYMEX	-2	1270.9	1270.9	25418	-2.14	-25415.86	0	0	0	O;P
Trades	Data	Trade	Futures	USD	MGCM9	"2018-07-02, 15:52:22"	NYMEX	-1	1270.9	1270.9	12709	-1.07	-12707.93	0	0	0	O;P
Trades	Data	Trade	Futures	USD	MGCM9	"2018-07-02, 15:52:29"	NYMEX	-2	1270.9	1270.9	25418	-2.14	-25415.86	0	0	0	O;P
Trades	Data	Trade	Futures	USD	MGCM9	"2018-07-02, 15:52:29"	NYMEX	-2	1270.9	1270.9	25418	-2.14	-25415.86	0	0	0	O;P
Trades	Data	Trade	Futures	USD	MGCM9	"2018-07-03, 15:50:56"	NYMEX	6	1284.1	1283	-77046	-6.42	76255.58	-796.84	-1.04	-66	C;P
Trades	Data	Trade	Futures	USD	MGCM9	"2018-07-03, 15:52:05"	NYMEX	6	1284.1	1283	-77046	-6.42	76253.58	-798.84	-1.05	-66	C;P
Trades	Data	Trade	Futures	USD	MGCM9	"2018-07-03, 15:52:08"	NYMEX	1	1284.1	1283	-12841	-1.07	12707.93	-134.14	-1.06	-11	C;P
Trades	Data	Trade	Futures	USD	MGCM9	"2018-07-03, 15:52:08"	NYMEX	1	1284	1283	-12840	-1.07	12707.93	-133.14	-1.05	-10	C;P
Trades	Data	Trade	Futures	USD	MGCM9	"2018-07-03, 15:52:11"	NYMEX	2	1284	1283	-25680	-2.14	25415.86	-266.28	-1.05	-20	C;P
Trades	Data	Trade	Futures	USD	MGCM9	"2018-07-03, 15:52:14"	NYMEX	3	1284	1283	-38520	-3.21	38123.79	-399.42	-1.05	-30	C;P
Trades	Data	Trade	Futures	USD	MGCM9	"2018-07-03, 15:53:41"	NYMEX	1	1284.1	1283	-12841	-1.07	12707.93	-134.14	-1.06	-11	C;P
Trades	Data	Trade	Futures	USD	MGCM9	"2018-07-03, 15:53:44"	NYMEX	1	1284	1283	-12840	-1.07	12707.93	-133.14	-1.05	-10	C;P
Trades	Data	Trade	Futures	USD	MGCM9	"2018-07-03, 15:53:50"	NYMEX	1	1284.1	1283	-12841	-1.07	12842.07	0	0	-11	O;P
Trades	Data	Trade	Futures	USD	MGCM9	"2018-07-03, 15:53:53"	NYMEX	2	1284	1283	-25680	-2.14	25682.14	0	0	-20	O;P
Trades	Data	Trade	Futures	USD	MGCM9	"2018-07-03, 15:53:56"	NYMEX	3	1284	1283	-38520	-3.21	38523.21	0	0	-30	O;P
Trades	Data	Trade	Futures	USD	MGCM9	"2018-07-04, 18:00:00"	NYMEX	-1	1286.4	1288.1	12864	-1.07	-12842.07	20.86	0.16	-17	C;P
Trades	Data	Trade	Futures	USD	MGCM9	"2018-07-04, 18:00:01"	NYMEX	-2	1286.7	1288.1	25734	-2.14	-25682.14	49.72	0.19	-28	C;P
Trades	Data	Trade	Futures	USD	MGCM9	"2018-07-04, 18:00:01"	NYMEX	-2	1286.7	1288.1	25734	-2.14	-25682.14	49.72	0.19	-28	C;P
Trades	Data	Trade	Futures	USD	MGCM9	"2018-07-04, 18:00:03"	NYMEX	-2	1286.7	1288.1	25734	-2.14	-12841.07	24.86	0.19	-28	C;O;P
Trades	Data	Trade	Futures	USD	MGCM9	"2018-07-04, 18:00:07"	NYMEX	-5	1286.7	1288.1	64335	-5.35	-64329.65	0	0	-70	O;P
Trades	Data	Trade	Futures	USD	MGCM9	"2018-07-04, 18:00:08"	NYMEX	-2	1286.7	1288.1	25734	-2.14	-25731.86	0	0	-28	O;P
Trades	Data	Trade	Futures	USD	MGCM9	"2018-07-04, 18:00:10"	NYMEX	-3	1286.9	1288.1	38607	-3.21	-38603.79	0	0	-36	O;P
Trades	Data	Trade	Futures	USD	MGCM9	"2018-07-04, 18:00:13"	NYMEX	-2	1286.8	1288.1	25736	-2.14	-25733.86	0	0	-26	O;P
Trades	Data	Trade	Futures	USD	MGCM9	"2018-07-04, 18:00:16"	NYMEX	-2	1286.8	1288.1	25736	-2.14	-25733.86	0	0	-26	O;P
Trades	Data	Trade	Futures	USD	MGCM9	"2018-07-04, 18:00:19"	NYMEX	-1	1286.8	1288.1	12868	-1.07	-12866.93	0	0	-13	O;P
Trades	Data	Trade	Futures	USD	MGCM9	"2018-07-04, 18:00:22"	NYMEX	-2	1286.9	1288.1	25738	-2.14	-25735.86	0	0	-24	O;P
Trades	Data	Trade	Futures	USD	MGCM9	"2018-07-04, 18:00:25"	NYMEX	-2	1286.9	1288.1	25738	-2.14	-25735.86	0	0	-24	O;P
Trades	Data	Trade	Futures	USD	MGCM9	"2018-07-04, 18:00:28"	NYMEX	-1	1286.9	1288.1	12869	-1.07	-12867.93	0	0	-12	O;P
Trades	Data	Trade	Futures	USD	MGCM9	"2018-07-04, 18:00:28"	NYMEX	-1	1286.7	1288.1	12867	-1.07	-12865.93	0	0	-14	O;P
Trades	Data	Trade	Futures	USD	MGCM9	"2018-07-05, 15:50:30"	NYMEX	7	1287.3	1288.1	-90111	-7.49	90061.51	-56.98	-0.06	56	C
Trades	Data	Trade	Futures	USD	MGCM9	"2018-07-09, 15:50:28"	NYMEX	-2	1288.5	1289.3	25770	-2.14	-25767.86	0	0	-16	O
Trades	Data	Trade	Futures	USD	MGCM9	"2018-07-10, 15:50:29"	NYMEX	1	1286.7	1285.5	-12867	-1.07	12865.93	-2.14	-0.02	-12	C
Trades	Data	Trade	Futures	USD	MGCM9	"2018-07-12, 15:50:27"	NYMEX	5	1276.7	1275.8	-63835	-5.35	64337.65	497.3	0.77	-45	C
Trades	Data	Trade	Futures	USD	MGCM9	"2018-07-16, 15:50:42"	NYMEX	1	1270.7	1268.6	-12707	-1.07	12866.93	158.86	1.23	-21	C
Trades	Data	Trade	Futures	USD	MGCM9	"2018-07-18, 15:50:49"	NYMEX	-1	1255.2	1256.3	12552	-1.07	-12550.93	0	0	-11	O
Trades	Data	Trade	Futures	USD	MGCM9	"2018-07-24, 15:50:44"	NYMEX	-4	1251.5	1252.2	50060	-4.28	-50055.72	0	0	-28	O;P
Trades	Data	Trade	Futures	USD	MGCM9	"2018-07-24, 15:50:55"	NYMEX	-2	1251.4	1252.2	25028	-2.14	-25025.86	0	0	-16	O;P
Trades	Data	Trade	Futures	USD	MGCM9	"2018-07-26, 15:50:27"	NYMEX	1	1249.4	1252.7	-12494	-1.07	12866.93	371.86	2.89	33	C
Trades	Data	Trade	Futures	USD	MGCM9	"2018-07-27, 15:50:28"	NYMEX	1	1249.7	1250.1	-12497	-1.07	12866.93	368.86	2.87	4	C
Trades	Data	Trade	Futures	USD	MGCM9	"2018-07-30, 15:50:31"	NYMEX	-1	1247.5	1248.7	12475	-1.07	-12473.93	0	0	-12	O
Trades	Data	Trade	Futures	USD	MGCM9	"2018-07-31, 15:50:41"	NYMEX	-2	1250.4	1250.9	25008	-2.14	-25005.86	0	0	-10	O
Trades	Data	Trade	Futures	USD	MGCM9	"2018-08-02, 15:50:31"	NYMEX	-2	1234	1237.4	24680	-2.14	-24677.86	0	0	-68	O
Trades	Data	Trade	Futures	USD	MGCM9	"2018-08-06, 15:50:26"	NYMEX	-1	1233	1235.1	12330	-1.07	-12328.93	0	0	-21	O
Trades	Data	Trade	Futures	USD	MGCM9	"2018-08-07, 13:30:00"	NYMEX	-1	1235.3	1235.6	12353	-1.07	-12351.93	0	0	-3	O
Trades	Data	Trade	Futures	USD	MGCM9	"2018-08-08, 13:30:00"	NYMEX	-1	1238.1	1238.3	12381	-1.07	-12379.93	0	0	-2	O
Trades	Data	Trade	Futures	USD	MGCM9	"2018-08-09, 13:30:00"	NYMEX	-2	1237.1	1237.3	24742	-2.14	-24739.86	0	0	-4	O
Trades	Data	Trade	Futures	USD	MGCM9	"2018-08-10, 13:30:00"	NYMEX	-1	1235.9	1236.4	12359	-1.07	-12357.93	0	0	-5	O
Trades	Data	Trade	Futures	USD	MGCM9	"2018-08-13, 13:30:00"	NYMEX	-3	1216	1216	36480	-3.21	-36476.79	0	0	0	O
Trades	Data	Trade	Futures	USD	MGCM9	"2018-08-14, 13:30:00"	NYMEX	5	1218.1	1217.8	-60905	-5.35	64339.65	3429.3	5.33	-15	C
Trades	Data	Trade	Futures	USD	MGCM9	"2018-08-15, 13:30:00"	NYMEX	1	1202.5	1201.9	-12025	-1.07	12865.93	839.86	6.53	-6	C
Trades	Data	Trade	Futures	USD	MGCM9	"2018-08-22, 13:30:22"	NYMEX	2	1220.2	1220.2	-24404	-2.14	25767.86	1361.72	5.28	0	C
Trades	Data	Trade	Futures	USD	MGCM9	"2018-08-24, 13:30:00"	NYMEX	1	1230.4	1230.3	-12304	-1.07	12550.93	245.86	1.96	-1	C
Trades	Data	Trade	Futures	USD	MGCZ8	"2018-05-11, 15:50:58"	NYMEX	-6	1337.9	1339.7	80274	-6.42	-80267.58	0	0	-108	O;P
Trades	Data	Trade	Futures	USD	MGCZ8	"2018-05-11, 15:51:03"	NYMEX	-1	1337.9	1339.7	13379	-1.07	-13377.93	0	0	-18	O;P
Trades	Data	Trade	Futures	USD	MGCZ8	"2018-05-11, 15:51:03"	NYMEX	-2	1337.9	1339.7	26758	-2.14	-26755.86	0	0	-36	O;P
Trades	Data	Trade	Futures	USD	MGCZ8	"2018-05-17, 15:50:28"	NYMEX	-2	1308.1	1308	26162	-2.14	-26159.86	0	0	2	O
Trades	Data	Trade	Futures	USD	MGCZ8	"2018-05-18, 15:50:29"	NYMEX	1	1310.5	1309.5	-13105	-1.07	13377.93	271.86	2.03	-10	C
Trades	Data	Trade	Futures	USD	MGCZ8	"2018-05-21, 15:50:29"	NYMEX	-3	1310	1309.1	39300	-3.21	-39296.79	0	0	27	O
Trades	Data	Trade	Futures	USD	MGCZ8	"2018-05-22, 15:50:36"	NYMEX	2	1309.4	1310.1	-26188	-2.14	26755.86	565.72	2.11	14	C
Trades	Data	Trade	Futures	USD	MGCZ8	"2018-05-23, 15:50:29"	NYMEX	-2	1310.7	1307.6	26214	-2.14	-26211.86	0	0	62	O
Trades	Data	Trade	Futures	USD	MGCZ8	"2018-05-24, 15:50:25"	NYMEX	1	1323.2	1322.6	-13232	-1.07	13377.93	144.86	1.08	-6	C
Trades	Data	Trade	Futures	USD	MGCZ8	"2018-05-25, 15:50:24"	NYMEX	2	1318.7	1321.7	-26374	-2.14	26755.86	379.72	1.42	60	C
Trades	Data	Trade	Futures	USD	MGCZ8	"2018-05-28, 18:00:00"	NYMEX	-1	1315	1316.7	13150	-1.07	-13148.93	0	0	-17	O;P
Trades	Data	Trade	Futures	USD	MGCZ8	"2018-05-28, 18:00:22"	NYMEX	-1	1314.9	1316.7	13149	-1.07	-13147.93	0	0	-18	O;P
Trades	Data	Trade	Futures	USD	MGCZ8	"2018-05-29, 15:50:33"	NYMEX	2	1318.4	1316.7	-26368	-2.14	26755.86	385.72	1.44	-34	C
Trades	Data	Trade	Futures	USD	MGCZ8	"2018-05-30, 15:50:33"	NYMEX	-2	1318.9	1319.1	26378	-2.14	-26375.86	0	0	-4	O;P
Trades	Data	Trade	Futures	USD	MGCZ8	"2018-05-30, 15:50:47"	NYMEX	-1	1318.8	1319.1	13188	-1.07	-13186.93	0	0	-3	O;P
Trades	Data	Trade	Futures	USD	MGCZ8	"2018-05-31, 15:50:38"	NYMEX	3	1316.7	1317.1	-39501	-3.21	39537.79	33.58	0.08	12	C
Trades	Data	Trade	Futures	USD	MGCZ8	"2018-06-01, 15:50:33"	NYMEX	-2	1309.8	1311.7	26196	-2.14	-26193.86	0	0	-38	O;P
Trades	Data	Trade	Futures	USD	MGCZ8	"2018-06-01, 15:50:35"	NYMEX	-1	1309.8	1311.7	13098	-1.07	-13096.93	0	0	-19	O;P
Trades	Data	Trade	Futures	USD	MGCZ8	"2018-06-05, 15:50:32"	NYMEX	-1	1313.4	1314.5	13134	-1.07	-13132.93	0	0	-11	O
Trades	Data	Trade	Futures	USD	MGCZ8	"2018-06-06, 15:50:38"	NYMEX	1	1313.5	1313.6	-13135	-1.07	13098.93	-37.14	-0.28	1	C
Trades	Data	Trade	Futures	USD	MGCZ8	"2018-06-07, 15:50:32"	NYMEX	-2	1313.9	1315.1	26278	-2.14	-26275.86	0	0	-24	O
Trades	Data	Trade	Futures	USD	MGCZ8	"2018-06-08, 15:50:28"	NYMEX	3	1315.5	1315.1	-39465	-3.21	39303.79	-164.42	-0.42	-12	C
Trades	Data	Trade	Futures	USD	MGCZ8	"2018-06-11, 15:50:41"	NYMEX	-2	1316.5	1315.7	26330	-2.14	-26327.86	0	0	16	O
Trades	Data	Trade	Futures	USD	MGCZ8	"2018-06-12, 15:50:29"	NYMEX	2	1312.3	1311.9	-26246	-2.14	26254.86	6.72	0.03	-8	C
Trades	Data	Trade	Futures	USD	MGCZ8	"2018-06-13, 15:50:34"	NYMEX	-3	1316	1313.8	39480	-3.21	-39476.79	0	0	66	O
Trades	Data	Trade	Futures	USD	MGCZ8	"2018-06-14, 15:50:37"	NYMEX	4	1319.8	1320.8	-52792	-4.28	52710.72	-85.56	-0.16	40	C
Trades	Data	Trade	Futures	USD	MGCZ8	"2018-06-15, 15:50:30"	NYMEX	2	1295	1290.7	-25900	-2.14	26193.86	291.72	1.11	-86	C;P
Trades	Data	Trade	Futures	USD	MGCZ8	"2018-06-15, 15:50:33"	NYMEX	4	1295	1290.7	-51800	-4.28	52505.72	701.44	1.34	-172	C;P
Trades	Data	Trade	Futures	USD	MGCZ8	"2018-06-18, 15:50:36"	NYMEX	-5	1292.9	1292.3	64645	-5.35	-64639.65	0	0	30	O;P
Trades	Data	Trade	Futures	USD	MGCZ8	"2018-06-18, 15:50:43"	NYMEX	-2	1292.9	1292.3	25858	-2.14	-25855.86	0	0	12	O;P
Trades	Data	Trade	Futures	USD	MGCZ8	"2018-06-19, 15:50:38"	NYMEX	3	1290.2	1290.7	-38706	-3.21	39486.79	777.58	1.97	15	C;P
Trades	Data	Trade	Futures	USD	MGCZ8	"2018-06-19, 15:50:44"	NYMEX	3	1290.3	1290.7	-38709	-3.21	39245.79	533.58	1.36	12	C;P
Trades	Data	Trade	Futures	USD	MGCZ8	"2018-06-20, 15:50:30"	NYMEX	-5	1283.3	1286.5	64165	-5.35	-64159.65	0	0	-160	O
Trades	Data	Trade	Futures	USD	MGCZ8	"2018-06-21, 15:50:36"	NYMEX	-1	1281.5	1282.4	12815	-1.07	-12813.93	0	0	-9	O
Trades	Data	Trade	Futures	USD	MGCZ8	"2018-06-22, 15:50:32"	NYMEX	-4	1283.6	1282.6	51344	-4.28	-51339.72	0	0	40	O;P
Trades	Data	Trade	Futures	USD	MGCZ8	"2018-06-22, 15:50:35"	NYMEX	-3	1283.6	1282.6	38508	-3.21	-38504.79	0	0	30	O;P
Trades	Data	Trade	Futures	USD	MGCZ8	"2018-06-22, 15:50:37"	NYMEX	1	1284	1282.6	-12840	-1.07	12927.93	86.86	0.67	-14	C;P
Trades	Data	Trade	Futures	USD	MGCZ8	"2018-06-22, 15:51:04"	NYMEX	4	1284	1282.6	-51360	-4.28	51711.72	347.44	0.67	-56	C;P
Trades	Data	Trade	Futures	USD	MGCZ8	"2018-06-22, 15:51:59"	NYMEX	2	1284	1282.6	-25680	-2.14	25759.86	77.72	0.3	-28	C;P
Trades	Data	Trade	Futures	USD	MGCZ8	"2018-06-22, 15:52:21"	NYMEX	1	1284	1282.6	-12840	-1.07	12831.93	-9.14	-0.07	-14	C;P
Trades	Data	Trade	Futures	USD	MGCZ8	"2018-06-22, 15:57:05"	NYMEX	1	1284	1282.6	-12840	-1.07	12831.93	-9.14	-0.07	-14	C;P
Trades	Data	Trade	Futures	USD	MGCZ8	"2018-06-22, 15:57:07"	NYMEX	3	1284.2	1282.6	-38526	-3.21	38477.79	-51.42	-0.13	-48	C;P
Trades	Data	Trade	Futures	USD	MGCZ8	"2018-06-25, 15:50:34"	NYMEX	-2	1279.3	1280.9	25586	-2.14	-25583.86	0	0	-32	O;P
Trades	Data	Trade	Futures	USD	MGCZ8	"2018-06-25, 15:50:36"	NYMEX	-5	1279.2	1280.9	63960	-5.35	-63954.65	0	0	-85	O;P
Trades	Data	Trade	Futures	USD	MGCZ8	"2018-06-25, 15:50:37"	NYMEX	-6	1279.2	1280.9	76752	-6.42	-76745.58	0	0	-102	O;P
Trades	Data	Trade	Futures	USD	MGCZ8	"2018-06-25, 15:50:34"	NYMEX	7	1279.7	1280.9	-89579	-7.49	89844.51	258.02	0.29	84	C
Trades	Data	Trade	Futures	USD	MGCZ8	"2018-06-26, 15:50:55"	NYMEX	2	1272.4	1271.8	-25448	-2.14	25583.86	133.72	0.52	-12	C;P
Trades	Data	Trade	Futures	USD	MGCZ8	"2018-06-26, 15:52:58"	NYMEX	6	1272.5	1271.8	-76350	-6.42	76745.58	389.16	0.51	-42	C;P
Trades	Data	Trade	Futures	USD	MGCZ8	"2018-06-26, 15:53:38"	NYMEX	11	1272.5	1271.8	-139975	-11.77	63954.65	324.3	0.51	-77	C;O;P
Trades	Data	Trade	Futures	USD	MGCZ8	"2018-06-26, 15:53:38"	NYMEX	1	1272.5	1271.8	-12725	-1.07	12726.07	0	0	-7	O
Trades	Data	Trade	Futures	USD	MGCZ8	"2018-06-28, 15:46:15"	NYMEX	-2	1260.8	1262.8	25216	-2.14	-25452.14	-238.28	-0.94	-40	C;L
Trades	Data	Trade	Futures	USD	MGCZ8	"2018-06-28, 18:00:00"	NYMEX	-5	1259.3	1266.3	62965	-5.35	-63630.35	-670.7	-1.05	-350	C
Trades	Data	Trade	Futures	USD	QMH9	"2018-08-22, 14:49:03"	NYMEX	1	66.4	66.36	-33200	-2.07	33202.07	0	0	-20	O
Trades	Data	Trade	Futures	USD	QMM8	"2018-04-27, 15:50:35"	NYMEX	3	68.1	68.1	-102150	-6.21	102156.21	0	0	0	O
Trades	Data	Trade	Futures	USD	QMM8	"2018-05-01, 15:50:30"	NYMEX	1	67.475	67.25	-33737.5	-2.07	33739.57	0	0	-112.5	O
Trades	Data	Trade	Futures	USD	QMM8	"2018-05-02, 15:50:27"	NYMEX	-2	67.65	67.93	67650	-4.14	-68104.14	-458.28	-0.67	-280	C
Trades	Data	Trade	Futures	USD	QMM8	"2018-05-03, 15:50:31"	NYMEX	3	68.5	68.43	-102750	-6.21	102756.21	0	0	-105	O
Trades	Data	Trade	Futures	USD	QMM8	"2018-05-04, 15:50:32"	NYMEX	-3	69.75	69.72	104625	-6.21	-102043.71	2575.08	2.52	45	C
Trades	Data	Trade	Futures	USD	QMM8	"2018-05-07, 15:50:29"	NYMEX	1	69.825	70.73	-34912.5	-2.07	34914.57	0	0	452.5	O
Trades	Data	Trade	Futures	USD	QMM8	"2018-05-09, 15:50:29"	NYMEX	-1	71.125	71.14	35562.5	-2.07	-34252.07	1308.36	3.82	-7.5	C
Trades	Data	Trade	Futures	USD	QMM8	"2018-05-10, 15:50:29"	NYMEX	1	71.425	71.36	-35712.5	-2.07	35714.57	0	0	-32.5	O
Trades	Data	Trade	Futures	USD	QMM8	"2018-05-11, 15:50:28"	NYMEX	-3	70.55	70.7	105825	-6.21	-104881.21	937.58	0.89	-225	C
Trades	Data	Trade	Futures	USD	QMU8	"2018-05-11, 15:50:28"	NYMEX	1	70.075	70.09	-35037.5	-2.07	35039.57	0	0	7.5	O;P
Trades	Data	Trade	Futures	USD	QMU8	"2018-05-11, 15:50:32"	NYMEX	2	70.075	70.09	-70075	-4.14	70079.14	0	0	15	O;P
Trades	Data	Trade	Futures	USD	QMU8	"2018-05-14, 15:50:28"	NYMEX	1	70.6	70.45	-35300	-2.07	35302.07	0	0	-75	O
Trades	Data	Trade	Futures	USD	QMU8	"2018-05-15, 15:50:27"	NYMEX	-1	70.45	70.72	35225	-2.07	-35039.57	183.36	0.52	-135	C
Trades	Data	Trade	Futures	USD	QMU8	"2018-05-16, 15:50:29"	NYMEX	1	71.05	70.93	-35525	-2.07	35527.07	0	0	-60	O
Trades	Data	Trade	Futures	USD	QMU8	"2018-05-17, 15:50:27"	NYMEX	-1	70.85	70.86	35425	-2.07	-35039.57	383.36	1.09	-5	C
Trades	Data	Trade	Futures	USD	QMU8	"2018-05-18, 15:50:29"	NYMEX	1	70.675	70.62	-35337.5	-2.07	35339.57	0	0	-27.5	O;P
Trades	Data	Trade	Futures	USD	QMU8	"2018-05-18, 16:33:49"	NYMEX	1	70.675	70.62	-35337.5	-2.07	35339.57	0	0	-27.5	O;P
Trades	Data	Trade	Futures	USD	QMU8	"2018-05-21, 15:50:29"	NYMEX	-1	71.65	71.54	35825	-2.07	-35039.57	783.36	2.24	55	C
Trades	Data	Trade	Futures	USD	QMU8	"2018-05-22, 15:50:36"	NYMEX	-3	71.375	71.57	107062.5	-6.21	-106168.71	887.58	0.84	-292.5	C
Trades	Data	Trade	Futures	USD	QMU8	"2018-06-22, 15:50:32"	NYMEX	-1	68.075	67.63	34037.5	-2.07	-35339.57	-1304.14	-3.69	222.5	C
Trades	Data	Trade	Futures	USD	QMZ8	"2018-05-22, 15:51:06"	NYMEX	5	70.025	70.04	-175062.5	-10.35	175072.85	0	0	37.5	O;P
Trades	Data	Trade	Futures	USD	QMZ8	"2018-05-22, 15:54:31"	NYMEX	1	70.025	70.04	-35012.5	-2.07	35014.57	0	0	7.5	O;P
Trades	Data	Trade	Futures	USD	QMZ8	"2018-05-23, 15:50:29"	NYMEX	-6	69.625	69.87	208875	-12.42	-210087.42	-1224.84	-0.58	-735	C
Trades	Data	Trade	Futures	USD	QMZ8	"2018-05-24, 15:50:25"	NYMEX	4	69.25	68.79	-138500	-8.28	138508.28	0	0	-920	O;P
Trades	Data	Trade	Futures	USD	QMZ8	"2018-05-24, 15:50:37"	NYMEX	2	69.25	68.79	-69250	-4.14	69254.14	0	0	-460	O;P
Trades	Data	Trade	Futures	USD	QMZ8	"2018-05-25, 15:50:34"	NYMEX	-5	66.1	66.36	165250	-10.35	-173135.35	-7895.7	-4.56	-650	C
Trades	Data	Trade	Futures	USD	QMZ8	"2018-05-28, 18:53:53"	NYMEX	3	67.7	65.21	-101550	-6.21	101556.21	0	0	-3735	O
Trades	Data	Trade	Futures	USD	QMZ8	"2018-05-29, 15:50:33"	NYMEX	-1	65.175	65.21	32587.5	-2.07	-34627.07	-2041.64	-5.9	-17.5	C;P
Trades	Data	Trade	Futures	USD	QMZ8	"2018-05-29, 15:52:37"	NYMEX	-1	65.175	65.21	32587.5	-2.07	-33852.07	-1266.64	-3.74	-17.5	C;P
Trades	Data	Trade	Futures	USD	QMZ8	"2018-05-29, 15:52:39"	NYMEX	-1	65.025	65.21	32512.5	-2.07	-33852.07	-1341.64	-3.96	-92.5	C;P
Trades	Data	Trade	Futures	USD	QMZ8	"2018-05-30, 15:50:43"	NYMEX	3	66.65	66.44	-99975	-6.21	99981.21	0	0	-315	O
Trades	Data	Trade	Futures	USD	QMZ8	"2018-05-31, 15:50:38"	NYMEX	-4	65.4	65.52	130800	-8.28	-133833.28	-3041.56	-2.27	-240	C
Trades	Data	Trade	Futures	USD	QMZ8	"2018-06-01, 15:50:33"	NYMEX	4	64.7	64.78	-129400	-8.28	129408.28	0	0	160	O
Trades	Data	Trade	Futures	USD	QMZ8	"2018-06-04, 15:50:43"	NYMEX	-1	64.1	63.91	32050	-2.07	-32352.07	-304.14	-0.94	95	C;P
Trades	Data	Trade	Futures	USD	QMZ8	"2018-06-04, 15:53:08"	NYMEX	-1	64.1	63.91	32050	-2.07	-32352.07	-304.14	-0.94	95	C;P
Trades	Data	Trade	Futures	USD	QMZ8	"2018-06-05, 15:50:32"	NYMEX	2	64.475	64.47	-64475	-4.14	64479.14	0	0	-5	O
Trades	Data	Trade	Futures	USD	QMZ8	"2018-06-06, 15:50:38"	NYMEX	-2	63.7	63.95	63700	-4.14	-64704.14	-1008.28	-1.56	-250	C
Trades	Data	Trade	Futures	USD	QMZ8	"2018-06-07, 15:50:32"	NYMEX	1	65.075	64.95	-32537.5	-2.07	32539.57	0	0	-62.5	O
Trades	Data	Trade	Futures	USD	QMZ8	"2018-06-08, 15:50:28"	NYMEX	-1	64.5	64.73	32250	-2.07	-32239.57	8.36	0.03	-115	C
Trades	Data	Trade	Futures	USD	QMZ8	"2018-06-13, 15:50:33"	NYMEX	-1	65.4	65.5	32700	-2.07	-32239.57	458.36	1.42	-50	C
Trades	Data	Trade	Futures	USD	QMZ8	"2018-06-14, 15:50:37"	NYMEX	2	65.375	65.29	-65375	-4.14	65379.14	0	0	-85	O
Trades	Data	Trade	Futures	USD	QMZ8	"2018-06-15, 15:50:40"	NYMEX	-2	63	63.52	63000	-4.14	-65229.14	-2233.28	-3.42	-520	C
Trades	Data	Trade	Futures	USD	QMZ8	"2018-06-18, 15:50:36"	NYMEX	1	64.375	64.3	-32187.5	-2.07	32189.57	0	0	-37.5	O
Trades	Data	Trade	Futures	USD	QMZ8	"2018-06-19, 15:50:38"	NYMEX	-1	63.675	63.72	31837.5	-2.07	-32689.57	-854.14	-2.61	-22.5	C
Trades	Data	Trade	Futures	USD	QMZ8	"2018-06-21, 15:50:36"	NYMEX	1	64.2	63.55	-32100	-2.07	32102.07	0	0	-325	O
Trades	Data	Trade	Futures	USD	QMZ8	"2018-06-22, 15:50:32"	NYMEX	-2	65.825	65.96	65825	-4.14	-64291.64	1529.22	2.38	-135	C
Trades	Data	Trade	Futures	USD	QMZ8	"2018-07-02, 15:50:57"	NYMEX	3	68.1	67.83	-102150	-6.21	102156.21	0	0	-405	O
Trades	Data	Trade	Futures	USD	QMZ8	"2018-07-03, 15:50:25"	NYMEX	-2	66.975	67.44	66975	-4.14	-68104.14	-1133.28	-1.66	-465	C
Trades	Data	Trade	Futures	USD	QMZ8	"2018-07-04, 18:11:58"	NYMEX	2	68.8	67.62	-68800	-4.14	68804.14	0	0	-1180	O
Trades	Data	Trade	Futures	USD	QMZ8	"2018-07-09, 15:50:28"	NYMEX	-1	68.75	68.75	34375	-2.07	-34052.07	320.86	0.94	0	C
Trades	Data	Trade	Futures	USD	QMZ8	"2018-07-11, 15:50:51"	NYMEX	1	66.575	65.75	-33287.5	-2.07	33289.57	0	0	-412.5	O
Trades	Data	Trade	Futures	USD	QMZ8	"2018-07-12, 15:50:27"	NYMEX	-2	66.7	66.96	66700	-4.14	-68804.14	-2108.28	-3.06	-260	C
Trades	Data	Trade	Futures	USD	QMZ8	"2018-08-22, 14:30:30"	NYMEX	-1	67.175	67.2	33587.5	-2.07	-33289.57	295.86	0.89	-12.5	C
Trades	Data	Trade	Futures	USD	ZN   DEC 18	"2018-07-05, 15:50:30"	ECBOT	1	120.125	120.0625	-120125	-1.62	120126.62	0	0	-62.5	O
Trades	Data	Trade	Futures	USD	ZN   DEC 18	"2018-07-09, 15:50:28"	ECBOT	1	119.984375	119.9375	-119984.375	-1.62	119985.995	0	0	-46.875	O
Trades	Data	Trade	Futures	USD	ZN   DEC 18	"2018-07-23, 15:50:28"	ECBOT	-1	119.296875	119.296875	119296.875	-1.62	-120126.62	-831.365	-0.69	0	C
Trades	Data	Trade	Futures	USD	ZN   DEC 18	"2018-08-02, 15:50:31"	ECBOT	-1	119.09375	119.09375	119093.75	-1.62	-119985.995	-893.865	-0.74	0	C
Trades	Data	Trade	Futures	USD	ZN   DEC 18	"2018-08-07, 16:00:45"	ECBOT	1	119.25	119.265625	-119250	-1.62	119251.62	0	0	15.625	O
Trades	Data	Trade	Futures	USD	ZN   DEC 18	"2018-08-08, 16:00:42"	ECBOT	-1	119.296875	119.3125	119296.875	-1.62	-119251.62	43.635	0.04	-15.625	C
Trades	Data	Trade	Futures	USD	ZN   DEC 18	"2018-08-09, 16:00:44"	ECBOT	1	119.609375	119.53125	-119609.375	-1.62	119610.995	0	0	-78.125	O
Trades	Data	Trade	Futures	USD	ZN   JUN 18	"2018-04-27, 15:50:35"	ECBOT	-1	119.484375	119.5	119484.375	-1.62	-119482.755	0	0	-15.625	O
Trades	Data	Trade	Futures	USD	ZN   JUN 18	"2018-05-11, 15:50:28"	ECBOT	1	119.40625	119.40625	-119406.25	-1.62	119482.755	74.885	0.06	0	C
Trades	Data	Trade	Futures	USD	ZN   SEP 18	"2018-05-11, 15:50:28"	ECBOT	-1	119.0625	119.078125	119062.5	-1.62	-119060.88	0	0	-15.625	O
Trades	Data	Trade	Futures	USD	ZN   SEP 18	"2018-05-18, 15:50:29"	ECBOT	-1	118.46875	118.484375	118468.75	-1.62	-118467.13	0	0	-15.625	O
Trades	Data	Trade	Futures	USD	ZN   SEP 18	"2018-05-24, 15:50:25"	ECBOT	1	119.1875	119.171875	-119187.5	-1.62	119060.88	-128.24	-0.11	-15.625	C
Trades	Data	Trade	Futures	USD	ZN   SEP 18	"2018-05-25, 15:50:24"	ECBOT	-1	119.625	119.53125	119625	-1.62	-119623.38	0	0	93.75	O
Trades	Data	Trade	Futures	USD	ZN   SEP 18	"2018-05-28, 18:00:00"	ECBOT	1	119.96875	120.9375	-119968.75	-1.62	118467.13	-1503.24	-1.27	968.75	C
Trades	Data	Trade	Futures	USD	ZN   SEP 18	"2018-05-29, 15:50:33"	ECBOT	-1	120.78125	120.9375	120781.25	-1.62	-120779.63	0	0	-156.25	O
Trades	Data	Trade	Futures	USD	ZN   SEP 18	"2018-05-30, 15:50:33"	ECBOT	2	120.296875	120.296875	-240593.75	-3.24	240403.01	-193.98	-0.08	0	C
Trades	Data	Trade	Futures	USD	ZN   SEP 18	"2018-05-31, 15:50:38"	ECBOT	-2	120.296875	120.4375	240593.75	-3.24	-240590.51	0	0	-281.25	O
Trades	Data	Trade	Futures	USD	ZN   SEP 18	"2018-06-01, 15:50:33"	ECBOT	2	119.8125	119.84375	-239625	-3.24	240590.51	962.27	0.4	62.5	C
Trades	Data	Trade	Futures	USD	ZN   SEP 18	"2018-06-20, 15:50:30"	ECBOT	1	119.578125	119.609375	-119578.125	-1.62	119579.745	0	0	31.25	O
Trades	Data	Trade	Futures	USD	ZN   SEP 18	"2018-06-21, 15:50:36"	ECBOT	-2	119.84375	119.859375	239687.5	-3.24	-119579.745	262.385	0.22	-31.25	C;O
Trades	Data	Trade	Futures	USD	ZN   SEP 18	"2018-06-22, 15:50:32"	ECBOT	1	119.828125	119.828125	-119828.125	-1.62	119842.13	12.385	0.01	0	C
